timestamp,tag,asset,platform,downloads
2026-07-11T14:33:54.837909+00:00,v0.10.0,activitywatch-v0.10.0-linux-x86_64.zip,linux,8412
2026-07-11T14:33:54.837909+00:00,v0.10.0,activitywatch-v0.10.0-macos-x86_64.dmg,macos,5929
2026-07-11T14:33:54.837909+00:00,v0.10.0,activitywatch-v0.10.0-macos-x86_64.zip,macos,162
2026-07-11T14:33:54.837909+00:00,v0.10.0,activitywatch-v0.10.0-windows-x86_64-setup.exe,windows,15288
2026-07-11T14:33:54.837909+00:00,v0.10.0,activitywatch-v0.10.0-windows-x86_64.zip,windows,2205
2026-07-11T14:33:54.837909+00:00,v0.11.0,activitywatch-v0.11.0-linux-x86_64.zip,linux,19158
2026-07-11T14:33:54.837909+00:00,v0.11.0,activitywatch-v0.11.0-macos-x86_64.dmg,macos,9780
2026-07-11T14:33:54.837909+00:00,v0.11.0,activitywatch-v0.11.0-macos-x86_64.zip,macos,708
2026-07-11T14:33:54.837909+00:00,v0.11.0,activitywatch-v0.11.0-windows-x86_64-setup.exe,windows,38265
2026-07-11T14:33:54.837909+00:00,v0.11.0,activitywatch-v0.11.0-windows-x86_64.zip,windows,6741
2026-07-11T14:33:54.837909+00:00,v0.11.0b1,activitywatch-v0.11.0b1-linux-x86_64.zip,linux,35
2026-07-11T14:33:54.837909+00:00,v0.11.0b1,activitywatch-v0.11.0b1-macos-x86_64.dmg,macos,156
2026-07-11T14:33:54.837909+00:00,v0.11.0b1,activitywatch-v0.11.0b1-macos-x86_64.zip,macos,23
2026-07-11T14:33:54.837909+00:00,v0.11.0b1,activitywatch-v0.11.0b1-windows-x86_64-setup.exe,windows,123
2026-07-11T14:33:54.837909+00:00,v0.11.0b1,activitywatch-v0.11.0b1-windows-x86_64.zip,windows,72
2026-07-11T14:33:54.837909+00:00,v0.12.0,activitywatch-v0.12.0-linux-x86_64.zip,linux,3160
2026-07-11T14:33:54.837909+00:00,v0.12.0,activitywatch-v0.12.0-macos-x86_64.dmg,macos,1749
2026-07-11T14:33:54.837909+00:00,v0.12.0,activitywatch-v0.12.0-macos-x86_64.zip,macos,306
2026-07-11T14:33:54.837909+00:00,v0.12.0,activitywatch-v0.12.0-windows-x86_64-setup.exe,windows,7961
2026-07-11T14:33:54.837909+00:00,v0.12.0,activitywatch-v0.12.0-windows-x86_64.zip,windows,2137
2026-07-11T14:33:54.837909+00:00,v0.12.0b1,activitywatch-v0.12.0b1-linux-x86_64.zip,linux,321
2026-07-11T14:33:54.837909+00:00,v0.12.0b1,activitywatch-v0.12.0b1-macos-x86_64.dmg,macos,259
2026-07-11T14:33:54.837909+00:00,v0.12.0b1,activitywatch-v0.12.0b1-macos-x86_64.zip,macos,46
2026-07-11T14:33:54.837909+00:00,v0.12.0b1,activitywatch-v0.12.0b1-windows-x86_64-setup.exe,windows,358
2026-07-11T14:33:54.837909+00:00,v0.12.0b1,activitywatch-v0.12.0b1-windows-x86_64.zip,windows,399
2026-07-11T14:33:54.837909+00:00,v0.12.0b2,activitywatch-v0.12.0b2-linux-x86_64.zip,linux,810
2026-07-11T14:33:54.837909+00:00,v0.12.0b2,activitywatch-v0.12.0b2-macos-x86_64.dmg,macos,224
2026-07-11T14:33:54.837909+00:00,v0.12.0b2,activitywatch-v0.12.0b2-macos-x86_64.zip,macos,36
2026-07-11T14:33:54.837909+00:00,v0.12.0b2,activitywatch-v0.12.0b2-windows-x86_64-setup.exe,windows,452
2026-07-11T14:33:54.837909+00:00,v0.12.0b2,activitywatch-v0.12.0b2-windows-x86_64.zip,windows,339
2026-07-11T14:33:54.837909+00:00,v0.12.0b3,activitywatch-v0.12.0b3-linux-x86_64.zip,linux,324
2026-07-11T14:33:54.837909+00:00,v0.12.0b3,activitywatch-v0.12.0b3-macos-x86_64.dmg,macos,191
2026-07-11T14:33:54.837909+00:00,v0.12.0b3,activitywatch-v0.12.0b3-macos-x86_64.zip,macos,37
2026-07-11T14:33:54.837909+00:00,v0.12.0b3,activitywatch-v0.12.0b3-windows-x86_64-setup.exe,windows,649
2026-07-11T14:33:54.837909+00:00,v0.12.0b3,activitywatch-v0.12.0b3-windows-x86_64.zip,windows,328
2026-07-11T14:33:54.837909+00:00,v0.12.1,activitywatch-v0.12.1-linux-x86_64.zip,linux,17739
2026-07-11T14:33:54.837909+00:00,v0.12.1,activitywatch-v0.12.1-macos-x86_64.dmg,macos,10703
2026-07-11T14:33:54.837909+00:00,v0.12.1,activitywatch-v0.12.1-macos-x86_64.zip,macos,2087
2026-07-11T14:33:54.837909+00:00,v0.12.1,activitywatch-v0.12.1-windows-x86_64-setup.exe,windows,23109
2026-07-11T14:33:54.837909+00:00,v0.12.1,activitywatch-v0.12.1-windows-x86_64.zip,windows,4559
2026-07-11T14:33:54.837909+00:00,v0.12.2,activitywatch-linux-x86_64.AppImage,linux,13404
2026-07-11T14:33:54.837909+00:00,v0.12.2,activitywatch-v0.12.2-linux-x86_64.deb,linux,479
2026-07-11T14:33:54.837909+00:00,v0.12.2,activitywatch-v0.12.2-linux-x86_64.zip,linux,31608
2026-07-11T14:33:54.837909+00:00,v0.12.2,activitywatch-v0.12.2-macos-x86_64.dmg,macos,22522
2026-07-11T14:33:54.837909+00:00,v0.12.2,activitywatch-v0.12.2-macos-x86_64.zip,macos,4320
2026-07-11T14:33:54.837909+00:00,v0.12.2,activitywatch-v0.12.2-windows-x86_64-setup.exe,windows,57853
2026-07-11T14:33:54.837909+00:00,v0.12.2,activitywatch-v0.12.2-windows-x86_64.zip,windows,12010
2026-07-11T14:33:54.837909+00:00,v0.12.2b1,activitywatch-linux-x86_64.AppImage,linux,74
2026-07-11T14:33:54.837909+00:00,v0.12.2b1,activitywatch-v0.12.2b1-linux-x86_64.deb,linux,54
2026-07-11T14:33:54.837909+00:00,v0.12.2b1,activitywatch-v0.12.2b1-linux-x86_64.zip,linux,885
2026-07-11T14:33:54.837909+00:00,v0.12.2b1,activitywatch-v0.12.2b1-macos-x86_64.dmg,macos,477
2026-07-11T14:33:54.837909+00:00,v0.12.2b1,activitywatch-v0.12.2b1-macos-x86_64.zip,macos,35
2026-07-11T14:33:54.837909+00:00,v0.12.2b1,activitywatch-v0.12.2b1-windows-x86_64-setup.exe,windows,1799
2026-07-11T14:33:54.837909+00:00,v0.12.2b1,activitywatch-v0.12.2b1-windows-x86_64.zip,windows,82
2026-07-11T14:33:54.837909+00:00,v0.12.3b1,activitywatch-linux-x86_64.AppImage,linux,61
2026-07-11T14:33:54.837909+00:00,v0.12.3b1,activitywatch-v0.12.3b1-linux-x86_64.deb,linux,44
2026-07-11T14:33:54.837909+00:00,v0.12.3b1,activitywatch-v0.12.3b1-linux-x86_64.zip,linux,661
2026-07-11T14:33:54.837909+00:00,v0.12.3b1,activitywatch-v0.12.3b1-macos-x86_64.dmg,macos,258
2026-07-11T14:33:54.837909+00:00,v0.12.3b1,activitywatch-v0.12.3b1-macos-x86_64.zip,macos,26
2026-07-11T14:33:54.837909+00:00,v0.12.3b1,activitywatch-v0.12.3b1-windows-x86_64-setup.exe,windows,1295
2026-07-11T14:33:54.837909+00:00,v0.12.3b1,activitywatch-v0.12.3b1-windows-x86_64.zip,windows,55
2026-07-11T14:33:54.837909+00:00,v0.12.3b10,activitywatch-linux-x86_64.AppImage,linux,101
2026-07-11T14:33:54.837909+00:00,v0.12.3b10,activitywatch-v0.12.3b10-linux-x86_64.deb,linux,31
2026-07-11T14:33:54.837909+00:00,v0.12.3b10,activitywatch-v0.12.3b10-linux-x86_64.zip,linux,529
2026-07-11T14:33:54.837909+00:00,v0.12.3b10,activitywatch-v0.12.3b10-macos-x86_64.dmg,macos,232
2026-07-11T14:33:54.837909+00:00,v0.12.3b10,activitywatch-v0.12.3b10-macos-x86_64.zip,macos,21
2026-07-11T14:33:54.837909+00:00,v0.12.3b10,activitywatch-v0.12.3b10-windows-x86_64-setup.exe,windows,864
2026-07-11T14:33:54.837909+00:00,v0.12.3b10,activitywatch-v0.12.3b10-windows-x86_64.zip,windows,32
2026-07-11T14:33:54.837909+00:00,v0.12.3b11,activitywatch-linux-x86_64.AppImage,linux,25
2026-07-11T14:33:54.837909+00:00,v0.12.3b11,activitywatch-v0.12.3b11-linux-x86_64.deb,linux,16
2026-07-11T14:33:54.837909+00:00,v0.12.3b11,activitywatch-v0.12.3b11-linux-x86_64.zip,linux,546
2026-07-11T14:33:54.837909+00:00,v0.12.3b11,activitywatch-v0.12.3b11-macos-x86_64.dmg,macos,48
2026-07-11T14:33:54.837909+00:00,v0.12.3b11,activitywatch-v0.12.3b11-macos-x86_64.zip,macos,18
2026-07-11T14:33:54.837909+00:00,v0.12.3b11,activitywatch-v0.12.3b11-windows-x86_64-setup.exe,windows,156
2026-07-11T14:33:54.837909+00:00,v0.12.3b11,activitywatch-v0.12.3b11-windows-x86_64.zip,windows,20
2026-07-11T14:33:54.837909+00:00,v0.12.3b12,activitywatch-linux-x86_64.AppImage,linux,31
2026-07-11T14:33:54.837909+00:00,v0.12.3b12,activitywatch-v0.12.3b12-linux-x86_64.deb,linux,37
2026-07-11T14:33:54.837909+00:00,v0.12.3b12,activitywatch-v0.12.3b12-linux-x86_64.zip,linux,1432
2026-07-11T14:33:54.837909+00:00,v0.12.3b12,activitywatch-v0.12.3b12-macos-x86_64.dmg,macos,137
2026-07-11T14:33:54.837909+00:00,v0.12.3b12,activitywatch-v0.12.3b12-macos-x86_64.zip,macos,16
2026-07-11T14:33:54.837909+00:00,v0.12.3b12,activitywatch-v0.12.3b12-windows-x86_64-setup.exe,windows,493
2026-07-11T14:33:54.837909+00:00,v0.12.3b12,activitywatch-v0.12.3b12-windows-x86_64.zip,windows,37
2026-07-11T14:33:54.837909+00:00,v0.12.3b13,activitywatch-linux-x86_64.AppImage,linux,28
2026-07-11T14:33:54.837909+00:00,v0.12.3b13,activitywatch-v0.12.3b13-linux-x86_64.deb,linux,20
2026-07-11T14:33:54.837909+00:00,v0.12.3b13,activitywatch-v0.12.3b13-linux-x86_64.zip,linux,280
2026-07-11T14:33:54.837909+00:00,v0.12.3b13,activitywatch-v0.12.3b13-macos-x86_64.dmg,macos,80
2026-07-11T14:33:54.837909+00:00,v0.12.3b13,activitywatch-v0.12.3b13-macos-x86_64.zip,macos,19
2026-07-11T14:33:54.837909+00:00,v0.12.3b13,activitywatch-v0.12.3b13-windows-x86_64-setup.exe,windows,270
2026-07-11T14:33:54.837909+00:00,v0.12.3b13,activitywatch-v0.12.3b13-windows-x86_64.zip,windows,26
2026-07-11T14:33:54.837909+00:00,v0.12.3b14,activitywatch-linux-x86_64.AppImage,linux,19
2026-07-11T14:33:54.837909+00:00,v0.12.3b14,activitywatch-v0.12.3b14-linux-x86_64.deb,linux,18
2026-07-11T14:33:54.837909+00:00,v0.12.3b14,activitywatch-v0.12.3b14-linux-x86_64.zip,linux,560
2026-07-11T14:33:54.837909+00:00,v0.12.3b14,activitywatch-v0.12.3b14-macos-x86_64.dmg,macos,65
2026-07-11T14:33:54.837909+00:00,v0.12.3b14,activitywatch-v0.12.3b14-macos-x86_64.zip,macos,19
2026-07-11T14:33:54.837909+00:00,v0.12.3b14,activitywatch-v0.12.3b14-windows-x86_64-setup.exe,windows,135
2026-07-11T14:33:54.837909+00:00,v0.12.3b14,activitywatch-v0.12.3b14-windows-x86_64.zip,windows,23
2026-07-11T14:33:54.837909+00:00,v0.12.3b15,activitywatch-linux-x86_64.AppImage,linux,57
2026-07-11T14:33:54.837909+00:00,v0.12.3b15,activitywatch-v0.12.3b15-linux-x86_64.deb,linux,42
2026-07-11T14:33:54.837909+00:00,v0.12.3b15,activitywatch-v0.12.3b15-linux-x86_64.zip,linux,2835
2026-07-11T14:33:54.837909+00:00,v0.12.3b15,activitywatch-v0.12.3b15-macos-x86_64.dmg,macos,331
2026-07-11T14:33:54.837909+00:00,v0.12.3b15,activitywatch-v0.12.3b15-macos-x86_64.zip,macos,22
2026-07-11T14:33:54.837909+00:00,v0.12.3b15,activitywatch-v0.12.3b15-windows-x86_64-setup.exe,windows,1180
2026-07-11T14:33:54.837909+00:00,v0.12.3b15,activitywatch-v0.12.3b15-windows-x86_64.zip,windows,60
2026-07-11T14:33:54.837909+00:00,v0.12.3b16,activitywatch-linux-x86_64.AppImage,linux,89
2026-07-11T14:33:54.837909+00:00,v0.12.3b16,activitywatch-v0.12.3b16-linux-x86_64.deb,linux,63
2026-07-11T14:33:54.837909+00:00,v0.12.3b16,activitywatch-v0.12.3b16-linux-x86_64.zip,linux,1031
2026-07-11T14:33:54.837909+00:00,v0.12.3b16,activitywatch-v0.12.3b16-macos-x86_64.dmg,macos,629
2026-07-11T14:33:54.837909+00:00,v0.12.3b16,activitywatch-v0.12.3b16-macos-x86_64.zip,macos,23
2026-07-11T14:33:54.837909+00:00,v0.12.3b16,activitywatch-v0.12.3b16-windows-x86_64-setup.exe,windows,2448
2026-07-11T14:33:54.837909+00:00,v0.12.3b16,activitywatch-v0.12.3b16-windows-x86_64.zip,windows,77
2026-07-11T14:33:54.837909+00:00,v0.12.3b17,activitywatch-linux-x86_64.AppImage,linux,24
2026-07-11T14:33:54.837909+00:00,v0.12.3b17,activitywatch-v0.12.3b17-linux-x86_64.deb,linux,21
2026-07-11T14:33:54.837909+00:00,v0.12.3b17,activitywatch-v0.12.3b17-linux-x86_64.zip,linux,1014
2026-07-11T14:33:54.837909+00:00,v0.12.3b17,activitywatch-v0.12.3b17-macos-x86_64.dmg,macos,67
2026-07-11T14:33:54.837909+00:00,v0.12.3b17,activitywatch-v0.12.3b17-macos-x86_64.zip,macos,20
2026-07-11T14:33:54.837909+00:00,v0.12.3b17,activitywatch-v0.12.3b17-windows-x86_64-setup.exe,windows,197
2026-07-11T14:33:54.837909+00:00,v0.12.3b17,activitywatch-v0.12.3b17-windows-x86_64.zip,windows,24
2026-07-11T14:33:54.837909+00:00,v0.12.3b18,activitywatch-linux-x86_64.AppImage,linux,24
2026-07-11T14:33:54.837909+00:00,v0.12.3b18,activitywatch-v0.12.3b18-linux-x86_64.deb,linux,20
2026-07-11T14:33:54.837909+00:00,v0.12.3b18,activitywatch-v0.12.3b18-linux-x86_64.zip,linux,1674
2026-07-11T14:33:54.837909+00:00,v0.12.3b18,activitywatch-v0.12.3b18-macos-x86_64.dmg,macos,71
2026-07-11T14:33:54.837909+00:00,v0.12.3b18,activitywatch-v0.12.3b18-macos-x86_64.zip,macos,21
2026-07-11T14:33:54.837909+00:00,v0.12.3b18,activitywatch-v0.12.3b18-windows-x86_64-setup.exe,windows,142
2026-07-11T14:33:54.837909+00:00,v0.12.3b18,activitywatch-v0.12.3b18-windows-x86_64.zip,windows,21
2026-07-11T14:33:54.837909+00:00,v0.12.3b19,activitywatch-linux-x86_64.AppImage,linux,42
2026-07-11T14:33:54.837909+00:00,v0.12.3b19,activitywatch-v0.12.3b19-linux-x86_64.deb,linux,41
2026-07-11T14:33:54.837909+00:00,v0.12.3b19,activitywatch-v0.12.3b19-linux-x86_64.zip,linux,286
2026-07-11T14:33:54.837909+00:00,v0.12.3b19,activitywatch-v0.12.3b19-macos-x86_64.dmg,macos,475
2026-07-11T14:33:54.837909+00:00,v0.12.3b19,activitywatch-v0.12.3b19-macos-x86_64.zip,macos,20
2026-07-11T14:33:54.837909+00:00,v0.12.3b19,activitywatch-v0.12.3b19-windows-x86_64-setup.exe,windows,669
2026-07-11T14:33:54.837909+00:00,v0.12.3b19,activitywatch-v0.12.3b19-windows-x86_64.zip,windows,35
2026-07-11T14:33:54.837909+00:00,v0.12.3b2,activitywatch-linux-x86_64.AppImage,linux,45
2026-07-11T14:33:54.837909+00:00,v0.12.3b2,activitywatch-v0.12.3b2-linux-x86_64.deb,linux,23
2026-07-11T14:33:54.837909+00:00,v0.12.3b2,activitywatch-v0.12.3b2-linux-x86_64.zip,linux,162
2026-07-11T14:33:54.837909+00:00,v0.12.3b2,activitywatch-v0.12.3b2-macos-x86_64.dmg,macos,96
2026-07-11T14:33:54.837909+00:00,v0.12.3b2,activitywatch-v0.12.3b2-macos-x86_64.zip,macos,20
2026-07-11T14:33:54.837909+00:00,v0.12.3b2,activitywatch-v0.12.3b2-windows-x86_64-setup.exe,windows,248
2026-07-11T14:33:54.837909+00:00,v0.12.3b2,activitywatch-v0.12.3b2-windows-x86_64.zip,windows,36
2026-07-11T14:33:54.837909+00:00,v0.12.3b3,activitywatch-linux-x86_64.AppImage,linux,57
2026-07-11T14:33:54.837909+00:00,v0.12.3b3,activitywatch-v0.12.3b3-linux-x86_64.deb,linux,41
2026-07-11T14:33:54.837909+00:00,v0.12.3b3,activitywatch-v0.12.3b3-linux-x86_64.zip,linux,669
2026-07-11T14:33:54.837909+00:00,v0.12.3b3,activitywatch-v0.12.3b3-macos-x86_64.dmg,macos,204
2026-07-11T14:33:54.837909+00:00,v0.12.3b3,activitywatch-v0.12.3b3-macos-x86_64.zip,macos,21
2026-07-11T14:33:54.837909+00:00,v0.12.3b3,activitywatch-v0.12.3b3-windows-x86_64-setup.exe,windows,885
2026-07-11T14:33:54.837909+00:00,v0.12.3b3,activitywatch-v0.12.3b3-windows-x86_64.zip,windows,33
2026-07-11T14:33:54.837909+00:00,v0.12.3b4,activitywatch-linux-x86_64.AppImage,linux,51
2026-07-11T14:33:54.837909+00:00,v0.12.3b4,activitywatch-v0.12.3b4-linux-x86_64.deb,linux,30
2026-07-11T14:33:54.837909+00:00,v0.12.3b4,activitywatch-v0.12.3b4-linux-x86_64.zip,linux,186
2026-07-11T14:33:54.837909+00:00,v0.12.3b4,activitywatch-v0.12.3b4-macos-x86_64.dmg,macos,112
2026-07-11T14:33:54.837909+00:00,v0.12.3b4,activitywatch-v0.12.3b4-macos-x86_64.zip,macos,20
2026-07-11T14:33:54.837909+00:00,v0.12.3b4,activitywatch-v0.12.3b4-windows-x86_64-setup.exe,windows,364
2026-07-11T14:33:54.837909+00:00,v0.12.3b4,activitywatch-v0.12.3b4-windows-x86_64.zip,windows,28
2026-07-11T14:33:54.837909+00:00,v0.12.3b5,activitywatch-linux-x86_64.AppImage,linux,32
2026-07-11T14:33:54.837909+00:00,v0.12.3b5,activitywatch-v0.12.3b5-linux-x86_64.deb,linux,24
2026-07-11T14:33:54.837909+00:00,v0.12.3b5,activitywatch-v0.12.3b5-linux-x86_64.zip,linux,382
2026-07-11T14:33:54.837909+00:00,v0.12.3b5,activitywatch-v0.12.3b5-macos-x86_64.dmg,macos,120
2026-07-11T14:33:54.837909+00:00,v0.12.3b5,activitywatch-v0.12.3b5-macos-x86_64.zip,macos,24
2026-07-11T14:33:54.837909+00:00,v0.12.3b5,activitywatch-v0.12.3b5-windows-x86_64-setup.exe,windows,379
2026-07-11T14:33:54.837909+00:00,v0.12.3b5,activitywatch-v0.12.3b5-windows-x86_64.zip,windows,21
2026-07-11T14:33:54.837909+00:00,v0.12.3b6,activitywatch-linux-x86_64.AppImage,linux,34
2026-07-11T14:33:54.837909+00:00,v0.12.3b6,activitywatch-v0.12.3b6-linux-x86_64.deb,linux,22
2026-07-11T14:33:54.837909+00:00,v0.12.3b6,activitywatch-v0.12.3b6-linux-x86_64.zip,linux,325
2026-07-11T14:33:54.837909+00:00,v0.12.3b6,activitywatch-v0.12.3b6-macos-x86_64.dmg,macos,109
2026-07-11T14:33:54.837909+00:00,v0.12.3b6,activitywatch-v0.12.3b6-macos-x86_64.zip,macos,23
2026-07-11T14:33:54.837909+00:00,v0.12.3b6,activitywatch-v0.12.3b6-windows-x86_64-setup.exe,windows,282
2026-07-11T14:33:54.837909+00:00,v0.12.3b6,activitywatch-v0.12.3b6-windows-x86_64.zip,windows,29
2026-07-11T14:33:54.837909+00:00,v0.12.3b7,activitywatch-linux-x86_64.AppImage,linux,32
2026-07-11T14:33:54.837909+00:00,v0.12.3b7,activitywatch-v0.12.3b7-linux-x86_64.deb,linux,23
2026-07-11T14:33:54.837909+00:00,v0.12.3b7,activitywatch-v0.12.3b7-linux-x86_64.zip,linux,308
2026-07-11T14:33:54.837909+00:00,v0.12.3b7,activitywatch-v0.12.3b7-macos-x86_64.dmg,macos,93
2026-07-11T14:33:54.837909+00:00,v0.12.3b7,activitywatch-v0.12.3b7-macos-x86_64.zip,macos,20
2026-07-11T14:33:54.837909+00:00,v0.12.3b7,activitywatch-v0.12.3b7-windows-x86_64-setup.exe,windows,247
2026-07-11T14:33:54.837909+00:00,v0.12.3b7,activitywatch-v0.12.3b7-windows-x86_64.zip,windows,22
2026-07-11T14:33:54.837909+00:00,v0.12.3b8,activitywatch-linux-x86_64.AppImage,linux,45
2026-07-11T14:33:54.837909+00:00,v0.12.3b8,activitywatch-v0.12.3b8-linux-x86_64.deb,linux,27
2026-07-11T14:33:54.837909+00:00,v0.12.3b8,activitywatch-v0.12.3b8-linux-x86_64.zip,linux,402
2026-07-11T14:33:54.837909+00:00,v0.12.3b8,activitywatch-v0.12.3b8-macos-x86_64.dmg,macos,120
2026-07-11T14:33:54.837909+00:00,v0.12.3b8,activitywatch-v0.12.3b8-macos-x86_64.zip,macos,20
2026-07-11T14:33:54.837909+00:00,v0.12.3b8,activitywatch-v0.12.3b8-windows-x86_64-setup.exe,windows,442
2026-07-11T14:33:54.837909+00:00,v0.12.3b8,activitywatch-v0.12.3b8-windows-x86_64.zip,windows,27
2026-07-11T14:33:54.837909+00:00,v0.12.3b9,activitywatch-linux-x86_64.AppImage,linux,28
2026-07-11T14:33:54.837909+00:00,v0.12.3b9,activitywatch-v0.12.3b9-linux-x86_64.deb,linux,25
2026-07-11T14:33:54.837909+00:00,v0.12.3b9,activitywatch-v0.12.3b9-linux-x86_64.zip,linux,397
2026-07-11T14:33:54.837909+00:00,v0.12.3b9,activitywatch-v0.12.3b9-macos-x86_64.dmg,macos,104
2026-07-11T14:33:54.837909+00:00,v0.12.3b9,activitywatch-v0.12.3b9-macos-x86_64.zip,macos,18
2026-07-11T14:33:54.837909+00:00,v0.12.3b9,activitywatch-v0.12.3b9-windows-x86_64-setup.exe,windows,543
2026-07-11T14:33:54.837909+00:00,v0.12.3b9,activitywatch-v0.12.3b9-windows-x86_64.zip,windows,32
2026-07-11T14:33:54.837909+00:00,v0.13.0,activitywatch-linux-x86_64.AppImage,linux,181
2026-07-11T14:33:54.837909+00:00,v0.13.0,activitywatch-v0.13.0-linux-x86_64.deb,linux,68
2026-07-11T14:33:54.837909+00:00,v0.13.0,activitywatch-v0.13.0-linux-x86_64.zip,linux,1153
2026-07-11T14:33:54.837909+00:00,v0.13.0,activitywatch-v0.13.0-macos-x86_64.dmg,macos,693
2026-07-11T14:33:54.837909+00:00,v0.13.0,activitywatch-v0.13.0-macos-x86_64.zip,macos,81
2026-07-11T14:33:54.837909+00:00,v0.13.0,activitywatch-v0.13.0-windows-x86_64-setup.exe,windows,2974
2026-07-11T14:33:54.837909+00:00,v0.13.0,activitywatch-v0.13.0-windows-x86_64.zip,windows,348
2026-07-11T14:33:54.837909+00:00,v0.13.1,activitywatch-linux-x86_64.AppImage,linux,3766
2026-07-11T14:33:54.837909+00:00,v0.13.1,activitywatch-v0.13.1-linux-x86_64.deb,linux,498
2026-07-11T14:33:54.837909+00:00,v0.13.1,activitywatch-v0.13.1-linux-x86_64.zip,linux,10891
2026-07-11T14:33:54.837909+00:00,v0.13.1,activitywatch-v0.13.1-macos-x86_64.dmg,macos,7897
2026-07-11T14:33:54.837909+00:00,v0.13.1,activitywatch-v0.13.1-macos-x86_64.zip,macos,1349
2026-07-11T14:33:54.837909+00:00,v0.13.1,activitywatch-v0.13.1-windows-x86_64-setup.exe,windows,25675
2026-07-11T14:33:54.837909+00:00,v0.13.1,activitywatch-v0.13.1-windows-x86_64.zip,windows,4482
2026-07-11T14:33:54.837909+00:00,v0.13.2,activitywatch-linux-x86_64.AppImage,linux,31547
2026-07-11T14:33:54.837909+00:00,v0.13.2,activitywatch-v0.13.2-linux-x86_64.deb,linux,2653
2026-07-11T14:33:54.837909+00:00,v0.13.2,activitywatch-v0.13.2-linux-x86_64.zip,linux,89465
2026-07-11T14:33:54.837909+00:00,v0.13.2,activitywatch-v0.13.2-macos-x86_64.dmg,macos,121662
2026-07-11T14:33:54.837909+00:00,v0.13.2,activitywatch-v0.13.2-macos-x86_64.zip,macos,10951
2026-07-11T14:33:54.837909+00:00,v0.13.2,activitywatch-v0.13.2-windows-x86_64-setup.exe,windows,270902
2026-07-11T14:33:54.837909+00:00,v0.13.2,activitywatch-v0.13.2-windows-x86_64.zip,windows,26384
2026-07-11T14:33:54.837909+00:00,v0.14.0b1,activitywatch-linux-x86_64.AppImage,linux,67
2026-07-11T14:33:54.837909+00:00,v0.14.0b1,activitywatch-tauri-v0.14.0b1-linux-aarch64.zip,linux,31
2026-07-11T14:33:54.837909+00:00,v0.14.0b1,activitywatch-tauri-v0.14.0b1-linux-x86_64.zip,linux,32
2026-07-11T14:33:54.837909+00:00,v0.14.0b1,activitywatch-tauri-v0.14.0b1-macos-arm64.dmg,macos,220
2026-07-11T14:33:54.837909+00:00,v0.14.0b1,activitywatch-tauri-v0.14.0b1-macos-arm64.zip,macos,24
2026-07-11T14:33:54.837909+00:00,v0.14.0b1,activitywatch-tauri-v0.14.0b1-windows-x86_64-setup.exe,windows,64
2026-07-11T14:33:54.837909+00:00,v0.14.0b1,activitywatch-tauri-v0.14.0b1-windows-x86_64.zip,windows,42
2026-07-11T14:33:54.837909+00:00,v0.14.0b1,activitywatch-v0.14.0b1-linux-x86_64.deb,linux,61
2026-07-11T14:33:54.837909+00:00,v0.14.0b1,activitywatch-v0.14.0b1-linux-x86_64.zip,linux,726
2026-07-11T14:33:54.837909+00:00,v0.14.0b1,activitywatch-v0.14.0b1-macos-arm64.dmg,macos,971
2026-07-11T14:33:54.837909+00:00,v0.14.0b1,activitywatch-v0.14.0b1-macos-arm64.zip,macos,72
2026-07-11T14:33:54.837909+00:00,v0.14.0b1,activitywatch-v0.14.0b1-windows-x86_64-setup.exe,windows,2125
2026-07-11T14:33:54.837909+00:00,v0.14.0b1,activitywatch-v0.14.0b1-windows-x86_64.zip,windows,55
2026-07-11T14:33:54.837909+00:00,v0.4.0,activitywatch-darwin.zip,macos,34
2026-07-11T14:33:54.837909+00:00,v0.4.0,activitywatch-linux.zip,linux,32
2026-07-11T14:33:54.837909+00:00,v0.5.0,activitywatch-darwin.zip,macos,32
2026-07-11T14:33:54.837909+00:00,v0.5.0,activitywatch-linux.zip,linux,32
2026-07-11T14:33:54.837909+00:00,v0.5.1,activitywatch-darwin.zip,macos,39
2026-07-11T14:33:54.837909+00:00,v0.5.1,activitywatch-linux.zip,linux,38
2026-07-11T14:33:54.837909+00:00,v0.7.0b1,activitywatch-linux-x86_64-v0.7.0b1.zip,linux,47
2026-07-11T14:33:54.837909+00:00,v0.7.0b1,activitywatch-macos-x86_64-v0.7.0b1.zip,macos,43
2026-07-11T14:33:54.837909+00:00,v0.7.0b1,activitywatch-windows-x86_64-v0.7.0b1.zip,windows,62
2026-07-11T14:33:54.837909+00:00,v0.7.0b2,activitywatch-v0.7.0b2-linux-x86_64.zip,linux,40
2026-07-11T14:33:54.837909+00:00,v0.7.0b2,activitywatch-v0.7.0b2-macos-x86_64.zip,macos,32
2026-07-11T14:33:54.837909+00:00,v0.7.0b2,activitywatch-v0.7.0b2-windows-x86_64.zip,windows,50
2026-07-11T14:33:54.837909+00:00,v0.7.0b3,activitywatch-v0.7.0b3-linux-x86_64.zip,linux,93
2026-07-11T14:33:54.837909+00:00,v0.7.0b3,activitywatch-v0.7.0b3-macos-x86_64.zip,macos,65
2026-07-11T14:33:54.837909+00:00,v0.7.0b3,activitywatch-v0.7.0b3-windows-x86_64.zip,windows,138
2026-07-11T14:33:54.837909+00:00,v0.7.0b4,activitywatch-v0.7.0b4-linux-x86_64.zip,linux,57
2026-07-11T14:33:54.837909+00:00,v0.7.0b4,activitywatch-v0.7.0b4-macos-x86_64.zip,macos,53
2026-07-11T14:33:54.837909+00:00,v0.7.0b4,activitywatch-v0.7.0b4-windows-x86_64.zip,windows,142
2026-07-11T14:33:54.837909+00:00,v0.7.1,activitywatch-v0.7.1-linux-x86_64.zip,linux,1343
2026-07-11T14:33:54.837909+00:00,v0.7.1,activitywatch-v0.7.1-macos-x86_64.zip,macos,1036
2026-07-11T14:33:54.837909+00:00,v0.7.1,activitywatch-v0.7.1-windows-x86_64.zip,windows,4462
2026-07-11T14:33:54.837909+00:00,v0.8.0b1,activitywatch-v0.8.0b1-linux-x86_64.zip,linux,109
2026-07-11T14:33:54.837909+00:00,v0.8.0b1,activitywatch-v0.8.0b1-macos-x86_64.zip,macos,78
2026-07-11T14:33:54.837909+00:00,v0.8.0b1,activitywatch-v0.8.0b1-windows-x86_64.zip,windows,256
2026-07-11T14:33:54.837909+00:00,v0.8.0b2,activitywatch-v0.8.0b2-linux-x86_64.zip,linux,121
2026-07-11T14:33:54.837909+00:00,v0.8.0b2,activitywatch-v0.8.0b2-macos-x86_64.zip,macos,44
2026-07-11T14:33:54.837909+00:00,v0.8.0b3,activitywatch-v0.8.0b3-linux-x86_64.zip,linux,276
2026-07-11T14:33:54.837909+00:00,v0.8.0b3,activitywatch-v0.8.0b3-macos-x86_64.zip,macos,136
2026-07-11T14:33:54.837909+00:00,v0.8.0b3,activitywatch-v0.8.0b3-windows-x86_64.zip,windows,415
2026-07-11T14:33:54.837909+00:00,v0.8.0b4,activitywatch-v0.8.0b4-linux-x86_64.zip,linux,90
2026-07-11T14:33:54.837909+00:00,v0.8.0b4,activitywatch-v0.8.0b4-macos-x86_64.zip,macos,110
2026-07-11T14:33:54.837909+00:00,v0.8.0b5,activitywatch-v0.8.0b5-linux-x86_64.zip,linux,354
2026-07-11T14:33:54.837909+00:00,v0.8.0b5,activitywatch-v0.8.0b5-macos-x86_64.zip,macos,222
2026-07-11T14:33:54.837909+00:00,v0.8.0b5,activitywatch-v0.8.0b5-windows-x86_64.zip,windows,635
2026-07-11T14:33:54.837909+00:00,v0.8.0b6,activitywatch-v0.8.0b6-linux-x86_64.zip,linux,621
2026-07-11T14:33:54.837909+00:00,v0.8.0b6,activitywatch-v0.8.0b6-macos-x86_64.zip,macos,388
2026-07-11T14:33:54.837909+00:00,v0.8.0b6,activitywatch-v0.8.0b6-windows-x86_64.zip,windows,3258
2026-07-11T14:33:54.837909+00:00,v0.8.0b7,activitywatch-v0.8.0b7-linux-x86_64.zip,linux,1301
2026-07-11T14:33:54.837909+00:00,v0.8.0b7,activitywatch-v0.8.0b7-macos-x86_64.zip,macos,1143
2026-07-11T14:33:54.837909+00:00,v0.8.0b8,activitywatch-v0.8.0b8-linux-x86_64.zip,linux,1087
2026-07-11T14:33:54.837909+00:00,v0.8.0b8,activitywatch-v0.8.0b8-macos-x86_64.zip,macos,1091
2026-07-11T14:33:54.837909+00:00,v0.8.0b8,activitywatch-v0.8.0b8-windows-x86_64.zip,windows,2112
2026-07-11T14:33:54.837909+00:00,v0.8.0b9,activitywatch-v0.8.0b9-linux-x86_64.zip,linux,1397
2026-07-11T14:33:54.837909+00:00,v0.8.0b9,activitywatch-v0.8.0b9-macos-x86_64.zip,macos,881
2026-07-11T14:33:54.837909+00:00,v0.8.0b9,activitywatch-v0.8.0b9-windows-x86_64.zip,windows,2975
2026-07-11T14:33:54.837909+00:00,v0.8.1,activitywatch-v0.8.1-linux-x86_64.zip,linux,123
2026-07-11T14:33:54.837909+00:00,v0.8.1,activitywatch-v0.8.1-macos-x86_64.zip,macos,76
2026-07-11T14:33:54.837909+00:00,v0.8.1,activitywatch-v0.8.1-windows-x86_64.zip,windows,132
2026-07-11T14:33:54.837909+00:00,v0.8.2,activitywatch-v0.8.2-linux-x86_64.zip,linux,137
2026-07-11T14:33:54.837909+00:00,v0.8.2,activitywatch-v0.8.2-macos-x86_64.zip,macos,51
2026-07-11T14:33:54.837909+00:00,v0.8.2,activitywatch-v0.8.2-windows-x86_64-setup.exe,windows,89
2026-07-11T14:33:54.837909+00:00,v0.8.2,activitywatch-v0.8.2-windows-x86_64.zip,windows,58
2026-07-11T14:33:54.837909+00:00,v0.8.3,activitywatch-v0.8.3-linux-x86_64.zip,linux,598
2026-07-11T14:33:54.837909+00:00,v0.8.3,activitywatch-v0.8.3-macos-x86_64.zip,macos,354
2026-07-11T14:33:54.837909+00:00,v0.8.3,activitywatch-v0.8.3-windows-x86_64-setup.exe,windows,730
2026-07-11T14:33:54.837909+00:00,v0.8.3,activitywatch-v0.8.3-windows-x86_64.zip,windows,696
2026-07-11T14:33:54.837909+00:00,v0.8.4,activitywatch-v0.8.4-linux-x86_64.zip,linux,1560
2026-07-11T14:33:54.837909+00:00,v0.8.4,activitywatch-v0.8.4-macos-x86_64.zip,macos,1168
2026-07-11T14:33:54.837909+00:00,v0.8.4,activitywatch-v0.8.4-windows-x86_64-setup.exe,windows,8119
2026-07-11T14:33:54.837909+00:00,v0.8.4,activitywatch-v0.8.4-windows-x86_64.zip,windows,1561
2026-07-11T14:33:54.837909+00:00,v0.9.0,activitywatch-v0.9.0-linux-x86_64.zip,linux,204
2026-07-11T14:33:54.837909+00:00,v0.9.0,activitywatch-v0.9.0-macos-x86_64.dmg,macos,180
2026-07-11T14:33:54.837909+00:00,v0.9.0,activitywatch-v0.9.0-macos-x86_64.zip,macos,114
2026-07-11T14:33:54.837909+00:00,v0.9.0,activitywatch-v0.9.0-windows-x86_64-setup.exe,windows,240
2026-07-11T14:33:54.837909+00:00,v0.9.0,activitywatch-v0.9.0-windows-x86_64.zip,windows,147
2026-07-11T14:33:54.837909+00:00,v0.9.1,activitywatch-v0.9.1-linux-x86_64.zip,linux,146
2026-07-11T14:33:54.837909+00:00,v0.9.1,activitywatch-v0.9.1-macos-x86_64.dmg,macos,105
2026-07-11T14:33:54.837909+00:00,v0.9.1,activitywatch-v0.9.1-macos-x86_64.zip,macos,54
2026-07-11T14:33:54.837909+00:00,v0.9.1,activitywatch-v0.9.1-windows-x86_64-setup.exe,windows,219
2026-07-11T14:33:54.837909+00:00,v0.9.1,activitywatch-v0.9.1-windows-x86_64.zip,windows,114
2026-07-11T14:33:54.837909+00:00,v0.9.2,activitywatch-v0.9.2-linux-x86_64.zip,linux,8057
2026-07-11T14:33:54.837909+00:00,v0.9.2,activitywatch-v0.9.2-macos-x86_64.dmg,macos,4591
2026-07-11T14:33:54.837909+00:00,v0.9.2,activitywatch-v0.9.2-macos-x86_64.zip,macos,232
2026-07-11T14:33:54.837909+00:00,v0.9.2,activitywatch-v0.9.2-windows-x86_64-setup.exe,windows,13617
2026-07-11T14:33:54.837909+00:00,v0.9.2,activitywatch-v0.9.2-windows-x86_64.zip,windows,2963
2026-07-11T14:46:08.975279+00:00,v0.13.2,activitywatch-v0.13.2-linux-x86_64.zip,linux,89467
2026-07-11T14:46:08.975279+00:00,v0.13.2,activitywatch-v0.13.2-macos-x86_64.dmg,macos,121665
2026-07-11T14:46:08.975279+00:00,v0.13.2,activitywatch-v0.13.2-windows-x86_64-setup.exe,windows,270911
2026-07-11T14:46:08.975279+00:00,v0.13.2,activitywatch-v0.13.2-windows-x86_64.zip,windows,26385
2026-07-11T18:58:48.590386+00:00,v0.13.1,activitywatch-v0.13.1-linux-x86_64.zip,linux,10892
2026-07-11T18:58:48.590386+00:00,v0.13.2,activitywatch-linux-x86_64.AppImage,linux,31565
2026-07-11T18:58:48.590386+00:00,v0.13.2,activitywatch-v0.13.2-linux-x86_64.deb,linux,2656
2026-07-11T18:58:48.590386+00:00,v0.13.2,activitywatch-v0.13.2-linux-x86_64.zip,linux,89502
2026-07-11T18:58:48.590386+00:00,v0.13.2,activitywatch-v0.13.2-macos-x86_64.dmg,macos,121714
2026-07-11T18:58:48.590386+00:00,v0.13.2,activitywatch-v0.13.2-macos-x86_64.zip,macos,10953
2026-07-11T18:58:48.590386+00:00,v0.13.2,activitywatch-v0.13.2-windows-x86_64-setup.exe,windows,271005
2026-07-11T18:58:48.590386+00:00,v0.13.2,activitywatch-v0.13.2-windows-x86_64.zip,windows,26391
2026-07-11T18:58:48.590386+00:00,v0.14.0b1,activitywatch-linux-x86_64.AppImage,linux,68
2026-07-11T18:58:48.590386+00:00,v0.14.0b1,activitywatch-tauri-v0.14.0b1-macos-arm64.dmg,macos,221
2026-07-11T18:58:48.590386+00:00,v0.14.0b1,activitywatch-v0.14.0b1-linux-x86_64.zip,linux,732
2026-07-11T18:58:48.590386+00:00,v0.14.0b1,activitywatch-v0.14.0b1-macos-arm64.dmg,macos,975
2026-07-11T18:58:48.590386+00:00,v0.14.0b1,activitywatch-v0.14.0b1-windows-x86_64-setup.exe,windows,2130
2026-07-11T20:22:31.143545+00:00,v0.13.1,activitywatch-v0.13.1-linux-x86_64.zip,linux,10893
2026-07-11T20:22:31.143545+00:00,v0.13.2,activitywatch-linux-x86_64.AppImage,linux,31569
2026-07-11T20:22:31.143545+00:00,v0.13.2,activitywatch-v0.13.2-linux-x86_64.deb,linux,2657
2026-07-11T20:22:31.143545+00:00,v0.13.2,activitywatch-v0.13.2-linux-x86_64.zip,linux,89526
2026-07-11T20:22:31.143545+00:00,v0.13.2,activitywatch-v0.13.2-macos-x86_64.dmg,macos,121726
2026-07-11T20:22:31.143545+00:00,v0.13.2,activitywatch-v0.13.2-macos-x86_64.zip,macos,10954
2026-07-11T20:22:31.143545+00:00,v0.13.2,activitywatch-v0.13.2-windows-x86_64-setup.exe,windows,271036
2026-07-11T20:22:31.143545+00:00,v0.13.2,activitywatch-v0.13.2-windows-x86_64.zip,windows,26392
2026-07-11T23:14:08.204942+00:00,v0.11.0,activitywatch-v0.11.0-windows-x86_64-setup.exe,windows,38266
2026-07-11T23:14:08.204942+00:00,v0.12.0,activitywatch-v0.12.0-windows-x86_64-setup.exe,windows,7962
2026-07-11T23:14:08.204942+00:00,v0.12.2,activitywatch-v0.12.2-windows-x86_64-setup.exe,windows,57854
2026-07-11T23:14:08.204942+00:00,v0.13.0,activitywatch-v0.13.0-windows-x86_64-setup.exe,windows,2975
2026-07-11T23:14:08.204942+00:00,v0.13.1,activitywatch-v0.13.1-windows-x86_64-setup.exe,windows,25676
2026-07-11T23:14:08.204942+00:00,v0.13.2,activitywatch-linux-x86_64.AppImage,linux,31580
2026-07-11T23:14:08.204942+00:00,v0.13.2,activitywatch-v0.13.2-linux-x86_64.zip,linux,89548
2026-07-11T23:14:08.204942+00:00,v0.13.2,activitywatch-v0.13.2-macos-x86_64.dmg,macos,121757
2026-07-11T23:14:08.204942+00:00,v0.13.2,activitywatch-v0.13.2-macos-x86_64.zip,macos,10955
2026-07-11T23:14:08.204942+00:00,v0.13.2,activitywatch-v0.13.2-windows-x86_64-setup.exe,windows,271077
2026-07-11T23:14:08.204942+00:00,v0.13.2,activitywatch-v0.13.2-windows-x86_64.zip,windows,26397
2026-07-11T23:14:08.204942+00:00,v0.14.0b1,activitywatch-v0.14.0b1-windows-x86_64-setup.exe,windows,2132
2026-07-11T23:14:08.204942+00:00,v0.8.0b7,activitywatch-v0.8.0b7-macos-x86_64.zip,macos,1144
2026-07-12T00:04:41.973809+00:00,v0.10.0,activitywatch-v0.10.0-linux-x86_64.zip,linux,8413
2026-07-12T00:04:41.973809+00:00,v0.10.0,activitywatch-v0.10.0-macos-x86_64.dmg,macos,5930
2026-07-12T00:04:41.973809+00:00,v0.10.0,activitywatch-v0.10.0-macos-x86_64.zip,macos,163
2026-07-12T00:04:41.973809+00:00,v0.10.0,activitywatch-v0.10.0-windows-x86_64-setup.exe,windows,15289
2026-07-12T00:04:41.973809+00:00,v0.10.0,activitywatch-v0.10.0-windows-x86_64.zip,windows,2206
2026-07-12T00:04:41.973809+00:00,v0.11.0,activitywatch-v0.11.0-linux-x86_64.zip,linux,19159
2026-07-12T00:04:41.973809+00:00,v0.11.0,activitywatch-v0.11.0-macos-x86_64.dmg,macos,9781
2026-07-12T00:04:41.973809+00:00,v0.11.0,activitywatch-v0.11.0-macos-x86_64.zip,macos,709
2026-07-12T00:04:41.973809+00:00,v0.11.0,activitywatch-v0.11.0-windows-x86_64-setup.exe,windows,38267
2026-07-12T00:04:41.973809+00:00,v0.11.0,activitywatch-v0.11.0-windows-x86_64.zip,windows,6742
2026-07-12T00:04:41.973809+00:00,v0.12.0,activitywatch-v0.12.0-linux-x86_64.zip,linux,3161
2026-07-12T00:04:41.973809+00:00,v0.12.0,activitywatch-v0.12.0-macos-x86_64.dmg,macos,1750
2026-07-12T00:04:41.973809+00:00,v0.12.0,activitywatch-v0.12.0-macos-x86_64.zip,macos,307
2026-07-12T00:04:41.973809+00:00,v0.12.0,activitywatch-v0.12.0-windows-x86_64-setup.exe,windows,7963
2026-07-12T00:04:41.973809+00:00,v0.12.0,activitywatch-v0.12.0-windows-x86_64.zip,windows,2138
2026-07-12T00:04:41.973809+00:00,v0.12.1,activitywatch-v0.12.1-linux-x86_64.zip,linux,17740
2026-07-12T00:04:41.973809+00:00,v0.12.1,activitywatch-v0.12.1-macos-x86_64.dmg,macos,10704
2026-07-12T00:04:41.973809+00:00,v0.12.1,activitywatch-v0.12.1-macos-x86_64.zip,macos,2088
2026-07-12T00:04:41.973809+00:00,v0.12.1,activitywatch-v0.12.1-windows-x86_64-setup.exe,windows,23110
2026-07-12T00:04:41.973809+00:00,v0.12.1,activitywatch-v0.12.1-windows-x86_64.zip,windows,4560
2026-07-12T00:04:41.973809+00:00,v0.12.2,activitywatch-linux-x86_64.AppImage,linux,13405
2026-07-12T00:04:41.973809+00:00,v0.12.2,activitywatch-v0.12.2-linux-x86_64.deb,linux,480
2026-07-12T00:04:41.973809+00:00,v0.12.2,activitywatch-v0.12.2-linux-x86_64.zip,linux,31609
2026-07-12T00:04:41.973809+00:00,v0.12.2,activitywatch-v0.12.2-macos-x86_64.dmg,macos,22523
2026-07-12T00:04:41.973809+00:00,v0.12.2,activitywatch-v0.12.2-macos-x86_64.zip,macos,4321
2026-07-12T00:04:41.973809+00:00,v0.12.2,activitywatch-v0.12.2-windows-x86_64-setup.exe,windows,57855
2026-07-12T00:04:41.973809+00:00,v0.12.2,activitywatch-v0.12.2-windows-x86_64.zip,windows,12011
2026-07-12T00:04:41.973809+00:00,v0.13.0,activitywatch-linux-x86_64.AppImage,linux,182
2026-07-12T00:04:41.973809+00:00,v0.13.0,activitywatch-v0.13.0-linux-x86_64.deb,linux,69
2026-07-12T00:04:41.973809+00:00,v0.13.0,activitywatch-v0.13.0-linux-x86_64.zip,linux,1154
2026-07-12T00:04:41.973809+00:00,v0.13.0,activitywatch-v0.13.0-macos-x86_64.dmg,macos,694
2026-07-12T00:04:41.973809+00:00,v0.13.0,activitywatch-v0.13.0-macos-x86_64.zip,macos,82
2026-07-12T00:04:41.973809+00:00,v0.13.0,activitywatch-v0.13.0-windows-x86_64-setup.exe,windows,2976
2026-07-12T00:04:41.973809+00:00,v0.13.0,activitywatch-v0.13.0-windows-x86_64.zip,windows,349
2026-07-12T00:04:41.973809+00:00,v0.13.1,activitywatch-linux-x86_64.AppImage,linux,3767
2026-07-12T00:04:41.973809+00:00,v0.13.1,activitywatch-v0.13.1-linux-x86_64.deb,linux,499
2026-07-12T00:04:41.973809+00:00,v0.13.1,activitywatch-v0.13.1-linux-x86_64.zip,linux,10894
2026-07-12T00:04:41.973809+00:00,v0.13.1,activitywatch-v0.13.1-macos-x86_64.dmg,macos,7898
2026-07-12T00:04:41.973809+00:00,v0.13.1,activitywatch-v0.13.1-macos-x86_64.zip,macos,1350
2026-07-12T00:04:41.973809+00:00,v0.13.1,activitywatch-v0.13.1-windows-x86_64-setup.exe,windows,25677
2026-07-12T00:04:41.973809+00:00,v0.13.1,activitywatch-v0.13.1-windows-x86_64.zip,windows,4483
2026-07-12T00:04:41.973809+00:00,v0.13.2,activitywatch-linux-x86_64.AppImage,linux,31585
2026-07-12T00:04:41.973809+00:00,v0.13.2,activitywatch-v0.13.2-linux-x86_64.deb,linux,2660
2026-07-12T00:04:41.973809+00:00,v0.13.2,activitywatch-v0.13.2-linux-x86_64.zip,linux,89559
2026-07-12T00:04:41.973809+00:00,v0.13.2,activitywatch-v0.13.2-macos-x86_64.dmg,macos,121767
2026-07-12T00:04:41.973809+00:00,v0.13.2,activitywatch-v0.13.2-macos-x86_64.zip,macos,10957
2026-07-12T00:04:41.973809+00:00,v0.13.2,activitywatch-v0.13.2-windows-x86_64-setup.exe,windows,271098
2026-07-12T00:04:41.973809+00:00,v0.13.2,activitywatch-v0.13.2-windows-x86_64.zip,windows,26399
2026-07-12T00:04:41.973809+00:00,v0.14.0b1,activitywatch-linux-x86_64.AppImage,linux,69
2026-07-12T00:04:41.973809+00:00,v0.14.0b1,activitywatch-v0.14.0b1-linux-x86_64.deb,linux,62
2026-07-12T00:04:41.973809+00:00,v0.14.0b1,activitywatch-v0.14.0b1-linux-x86_64.zip,linux,733
2026-07-12T00:04:41.973809+00:00,v0.14.0b1,activitywatch-v0.14.0b1-macos-arm64.dmg,macos,976
2026-07-12T00:04:41.973809+00:00,v0.14.0b1,activitywatch-v0.14.0b1-macos-arm64.zip,macos,73
2026-07-12T00:04:41.973809+00:00,v0.14.0b1,activitywatch-v0.14.0b1-windows-x86_64-setup.exe,windows,2133
2026-07-12T00:04:41.973809+00:00,v0.14.0b1,activitywatch-v0.14.0b1-windows-x86_64.zip,windows,56
2026-07-12T00:04:41.973809+00:00,v0.4.0,activitywatch-darwin.zip,macos,35
2026-07-12T00:04:41.973809+00:00,v0.4.0,activitywatch-linux.zip,linux,33
2026-07-12T00:04:41.973809+00:00,v0.5.0,activitywatch-darwin.zip,macos,33
2026-07-12T00:04:41.973809+00:00,v0.5.0,activitywatch-linux.zip,linux,33
2026-07-12T00:04:41.973809+00:00,v0.5.1,activitywatch-darwin.zip,macos,40
2026-07-12T00:04:41.973809+00:00,v0.5.1,activitywatch-linux.zip,linux,39
2026-07-12T00:04:41.973809+00:00,v0.7.1,activitywatch-v0.7.1-linux-x86_64.zip,linux,1344
2026-07-12T00:04:41.973809+00:00,v0.7.1,activitywatch-v0.7.1-macos-x86_64.zip,macos,1037
2026-07-12T00:04:41.973809+00:00,v0.7.1,activitywatch-v0.7.1-windows-x86_64.zip,windows,4463
2026-07-12T00:04:41.973809+00:00,v0.8.1,activitywatch-v0.8.1-linux-x86_64.zip,linux,124
2026-07-12T00:04:41.973809+00:00,v0.8.1,activitywatch-v0.8.1-macos-x86_64.zip,macos,77
2026-07-12T00:04:41.973809+00:00,v0.8.1,activitywatch-v0.8.1-windows-x86_64.zip,windows,133
2026-07-12T00:04:41.973809+00:00,v0.8.2,activitywatch-v0.8.2-linux-x86_64.zip,linux,138
2026-07-12T00:04:41.973809+00:00,v0.8.2,activitywatch-v0.8.2-macos-x86_64.zip,macos,52
2026-07-12T00:04:41.973809+00:00,v0.8.2,activitywatch-v0.8.2-windows-x86_64-setup.exe,windows,90
2026-07-12T00:04:41.973809+00:00,v0.8.2,activitywatch-v0.8.2-windows-x86_64.zip,windows,59
2026-07-12T00:04:41.973809+00:00,v0.8.3,activitywatch-v0.8.3-linux-x86_64.zip,linux,599
2026-07-12T00:04:41.973809+00:00,v0.8.3,activitywatch-v0.8.3-macos-x86_64.zip,macos,355
2026-07-12T00:04:41.973809+00:00,v0.8.3,activitywatch-v0.8.3-windows-x86_64-setup.exe,windows,731
2026-07-12T00:04:41.973809+00:00,v0.8.3,activitywatch-v0.8.3-windows-x86_64.zip,windows,697
2026-07-12T00:04:41.973809+00:00,v0.8.4,activitywatch-v0.8.4-linux-x86_64.zip,linux,1561
2026-07-12T00:04:41.973809+00:00,v0.8.4,activitywatch-v0.8.4-macos-x86_64.zip,macos,1169
2026-07-12T00:04:41.973809+00:00,v0.8.4,activitywatch-v0.8.4-windows-x86_64-setup.exe,windows,8120
2026-07-12T00:04:41.973809+00:00,v0.8.4,activitywatch-v0.8.4-windows-x86_64.zip,windows,1562
2026-07-12T00:04:41.973809+00:00,v0.9.0,activitywatch-v0.9.0-linux-x86_64.zip,linux,205
2026-07-12T00:04:41.973809+00:00,v0.9.0,activitywatch-v0.9.0-macos-x86_64.dmg,macos,181
2026-07-12T00:04:41.973809+00:00,v0.9.0,activitywatch-v0.9.0-macos-x86_64.zip,macos,115
2026-07-12T00:04:41.973809+00:00,v0.9.0,activitywatch-v0.9.0-windows-x86_64-setup.exe,windows,241
2026-07-12T00:04:41.973809+00:00,v0.9.0,activitywatch-v0.9.0-windows-x86_64.zip,windows,148
2026-07-12T00:04:41.973809+00:00,v0.9.1,activitywatch-v0.9.1-linux-x86_64.zip,linux,147
2026-07-12T00:04:41.973809+00:00,v0.9.1,activitywatch-v0.9.1-macos-x86_64.dmg,macos,106
2026-07-12T00:04:41.973809+00:00,v0.9.1,activitywatch-v0.9.1-macos-x86_64.zip,macos,55
2026-07-12T00:04:41.973809+00:00,v0.9.1,activitywatch-v0.9.1-windows-x86_64-setup.exe,windows,220
2026-07-12T00:04:41.973809+00:00,v0.9.1,activitywatch-v0.9.1-windows-x86_64.zip,windows,115
2026-07-12T00:04:41.973809+00:00,v0.9.2,activitywatch-v0.9.2-linux-x86_64.zip,linux,8058
2026-07-12T00:04:41.973809+00:00,v0.9.2,activitywatch-v0.9.2-macos-x86_64.dmg,macos,4592
2026-07-12T00:04:41.973809+00:00,v0.9.2,activitywatch-v0.9.2-macos-x86_64.zip,macos,233
2026-07-12T00:04:41.973809+00:00,v0.9.2,activitywatch-v0.9.2-windows-x86_64-setup.exe,windows,13618
2026-07-12T00:04:41.973809+00:00,v0.9.2,activitywatch-v0.9.2-windows-x86_64.zip,windows,2964
2026-07-12T02:32:13.602688+00:00,v0.11.0,activitywatch-v0.11.0-windows-x86_64-setup.exe,windows,38269
2026-07-12T02:32:13.602688+00:00,v0.12.0,activitywatch-v0.12.0-windows-x86_64-setup.exe,windows,7966
2026-07-12T02:32:13.602688+00:00,v0.12.2,activitywatch-v0.12.2-windows-x86_64-setup.exe,windows,57857
2026-07-12T02:32:13.602688+00:00,v0.12.3b18,activitywatch-v0.12.3b18-linux-x86_64.zip,linux,1676
2026-07-12T02:32:13.602688+00:00,v0.13.0,activitywatch-v0.13.0-windows-x86_64-setup.exe,windows,2977
2026-07-12T02:32:13.602688+00:00,v0.13.1,activitywatch-v0.13.1-windows-x86_64-setup.exe,windows,25680
2026-07-12T02:32:13.602688+00:00,v0.13.2,activitywatch-linux-x86_64.AppImage,linux,31594
2026-07-12T02:32:13.602688+00:00,v0.13.2,activitywatch-v0.13.2-linux-x86_64.zip,linux,89575
2026-07-12T02:32:13.602688+00:00,v0.13.2,activitywatch-v0.13.2-macos-x86_64.dmg,macos,121789
2026-07-12T02:32:13.602688+00:00,v0.13.2,activitywatch-v0.13.2-macos-x86_64.zip,macos,10958
2026-07-12T02:32:13.602688+00:00,v0.13.2,activitywatch-v0.13.2-windows-x86_64-setup.exe,windows,271130
2026-07-12T02:32:13.602688+00:00,v0.13.2,activitywatch-v0.13.2-windows-x86_64.zip,windows,26400
2026-07-12T02:32:13.602688+00:00,v0.14.0b1,activitywatch-v0.14.0b1-macos-arm64.dmg,macos,979
2026-07-12T08:12:30.536920+00:00,v0.10.0,activitywatch-v0.10.0-macos-x86_64.dmg,macos,5932
2026-07-12T08:12:30.536920+00:00,v0.11.0,activitywatch-v0.11.0-macos-x86_64.dmg,macos,9783
2026-07-12T08:12:30.536920+00:00,v0.12.3b18,activitywatch-v0.12.3b18-linux-x86_64.zip,linux,1678
2026-07-12T08:12:30.536920+00:00,v0.13.2,activitywatch-linux-x86_64.AppImage,linux,31618
2026-07-12T08:12:30.536920+00:00,v0.13.2,activitywatch-v0.13.2-linux-x86_64.deb,linux,2661
2026-07-12T08:12:30.536920+00:00,v0.13.2,activitywatch-v0.13.2-linux-x86_64.zip,linux,89604
2026-07-12T08:12:30.536920+00:00,v0.13.2,activitywatch-v0.13.2-macos-x86_64.dmg,macos,121869
2026-07-12T08:12:30.536920+00:00,v0.13.2,activitywatch-v0.13.2-macos-x86_64.zip,macos,10961
2026-07-12T08:12:30.536920+00:00,v0.13.2,activitywatch-v0.13.2-windows-x86_64-setup.exe,windows,271215
2026-07-12T08:12:30.536920+00:00,v0.13.2,activitywatch-v0.13.2-windows-x86_64.zip,windows,26409
2026-07-12T08:12:30.536920+00:00,v0.14.0b1,activitywatch-tauri-v0.14.0b1-linux-x86_64.zip,linux,33
2026-07-12T08:12:30.536920+00:00,v0.14.0b1,activitywatch-v0.14.0b1-macos-arm64.dmg,macos,980
2026-07-12T08:12:30.536920+00:00,v0.14.0b1,activitywatch-v0.14.0b1-windows-x86_64-setup.exe,windows,2147
2026-07-12T08:12:30.536920+00:00,v0.8.0b7,activitywatch-v0.8.0b7-macos-x86_64.zip,macos,1145
2026-07-12T13:13:54.563814+00:00,v0.13.2,activitywatch-linux-x86_64.AppImage,linux,31639
2026-07-12T13:13:54.563814+00:00,v0.13.2,activitywatch-v0.13.2-linux-x86_64.deb,linux,2662
2026-07-12T13:13:54.563814+00:00,v0.13.2,activitywatch-v0.13.2-linux-x86_64.zip,linux,89641
2026-07-12T13:13:54.563814+00:00,v0.13.2,activitywatch-v0.13.2-macos-x86_64.dmg,macos,121923
2026-07-12T13:13:54.563814+00:00,v0.13.2,activitywatch-v0.13.2-macos-x86_64.zip,macos,10963
2026-07-12T13:13:54.563814+00:00,v0.13.2,activitywatch-v0.13.2-windows-x86_64-setup.exe,windows,271336
2026-07-12T13:13:54.563814+00:00,v0.13.2,activitywatch-v0.13.2-windows-x86_64.zip,windows,26415
2026-07-12T13:13:54.563814+00:00,v0.14.0b1,activitywatch-tauri-v0.14.0b1-windows-x86_64-setup.exe,windows,65
2026-07-12T13:13:54.563814+00:00,v0.14.0b1,activitywatch-v0.14.0b1-linux-x86_64.zip,linux,737
2026-07-12T13:13:54.563814+00:00,v0.14.0b1,activitywatch-v0.14.0b1-macos-arm64.dmg,macos,982
2026-07-12T13:13:54.563814+00:00,v0.14.0b1,activitywatch-v0.14.0b1-windows-x86_64-setup.exe,windows,2152
2026-07-12T13:13:54.563814+00:00,v0.8.0b7,activitywatch-v0.8.0b7-macos-x86_64.zip,macos,1146
2026-07-12T14:37:03.648319+00:00,v0.12.3b18,activitywatch-v0.12.3b18-linux-x86_64.zip,linux,1688
2026-07-12T14:37:03.648319+00:00,v0.13.2,activitywatch-v0.13.2-linux-x86_64.zip,linux,89649
2026-07-12T14:37:03.648319+00:00,v0.13.2,activitywatch-v0.13.2-macos-x86_64.dmg,macos,121936
2026-07-12T14:37:03.648319+00:00,v0.13.2,activitywatch-v0.13.2-macos-x86_64.zip,macos,10964
2026-07-12T14:37:03.648319+00:00,v0.13.2,activitywatch-v0.13.2-windows-x86_64-setup.exe,windows,271373
2026-07-12T14:37:03.648319+00:00,v0.13.2,activitywatch-v0.13.2-windows-x86_64.zip,windows,26418
2026-07-12T15:11:19.898808+00:00,v0.12.3b18,activitywatch-v0.12.3b18-linux-x86_64.zip,linux,1690
2026-07-12T15:11:19.898808+00:00,v0.13.2,activitywatch-linux-x86_64.AppImage,linux,31642
2026-07-12T15:11:19.898808+00:00,v0.13.2,activitywatch-v0.13.2-linux-x86_64.zip,linux,89650
2026-07-12T15:11:19.898808+00:00,v0.13.2,activitywatch-v0.13.2-macos-x86_64.dmg,macos,121945
2026-07-12T15:11:19.898808+00:00,v0.13.2,activitywatch-v0.13.2-windows-x86_64-setup.exe,windows,271398
2026-07-12T15:11:19.898808+00:00,v0.14.0b1,activitywatch-tauri-v0.14.0b1-macos-arm64.dmg,macos,222
2026-07-12T15:11:19.898808+00:00,v0.9.2,activitywatch-v0.9.2-macos-x86_64.dmg,macos,4593
2026-07-12T16:49:45.504538+00:00,v0.13.2,activitywatch-linux-x86_64.AppImage,linux,31645
2026-07-12T16:49:45.504538+00:00,v0.13.2,activitywatch-v0.13.2-linux-x86_64.zip,linux,89661
2026-07-12T16:49:45.504538+00:00,v0.13.2,activitywatch-v0.13.2-macos-x86_64.dmg,macos,121967
2026-07-12T16:49:45.504538+00:00,v0.13.2,activitywatch-v0.13.2-macos-x86_64.zip,macos,10965
2026-07-12T16:49:45.504538+00:00,v0.13.2,activitywatch-v0.13.2-windows-x86_64-setup.exe,windows,271441
2026-07-12T16:49:45.504538+00:00,v0.13.2,activitywatch-v0.13.2-windows-x86_64.zip,windows,26424
2026-07-12T16:49:45.504538+00:00,v0.14.0b1,activitywatch-v0.14.0b1-windows-x86_64-setup.exe,windows,2157
2026-07-12T17:13:11.971760+00:00,v0.13.2,activitywatch-linux-x86_64.AppImage,linux,31646
2026-07-12T17:13:11.971760+00:00,v0.13.2,activitywatch-v0.13.2-linux-x86_64.zip,linux,89663
2026-07-12T17:13:11.971760+00:00,v0.13.2,activitywatch-v0.13.2-macos-x86_64.dmg,macos,121974
2026-07-12T17:13:11.971760+00:00,v0.13.2,activitywatch-v0.13.2-windows-x86_64-setup.exe,windows,271454
2026-07-12T17:13:11.971760+00:00,v0.14.0b1,activitywatch-v0.14.0b1-windows-x86_64-setup.exe,windows,2159
2026-07-12T17:19:56.783298+00:00,v0.13.2,activitywatch-v0.13.2-linux-x86_64.zip,linux,89666
2026-07-12T17:26:32.550039+00:00,v0.13.2,activitywatch-v0.13.2-macos-x86_64.dmg,macos,121975
2026-07-12T17:26:32.550039+00:00,v0.13.2,activitywatch-v0.13.2-windows-x86_64-setup.exe,windows,271458
2026-07-12T17:26:32.550039+00:00,v0.14.0b1,activitywatch-v0.14.0b1-windows-x86_64-setup.exe,windows,2160
2026-07-12T17:29:54.124613+00:00,v0.13.2,activitywatch-v0.13.2-linux-x86_64.zip,linux,89668
2026-07-12T17:29:54.124613+00:00,v0.14.0b1,activitywatch-v0.14.0b1-linux-x86_64.zip,linux,739
2026-07-12T17:36:51.809335+00:00,v0.13.2,activitywatch-v0.13.2-macos-x86_64.dmg,macos,121977
2026-07-12T17:36:51.809335+00:00,v0.13.2,activitywatch-v0.13.2-windows-x86_64-setup.exe,windows,271460
2026-07-12T17:54:17.365837+00:00,v0.13.2,activitywatch-linux-x86_64.AppImage,linux,31650
2026-07-12T17:54:17.365837+00:00,v0.13.2,activitywatch-v0.13.2-linux-x86_64.deb,linux,2663
2026-07-12T17:54:17.365837+00:00,v0.13.2,activitywatch-v0.13.2-linux-x86_64.zip,linux,89671
2026-07-12T17:54:17.365837+00:00,v0.13.2,activitywatch-v0.13.2-macos-x86_64.dmg,macos,121980
2026-07-12T17:54:17.365837+00:00,v0.13.2,activitywatch-v0.13.2-windows-x86_64-setup.exe,windows,271467
2026-07-12T17:54:17.365837+00:00,v0.13.2,activitywatch-v0.13.2-windows-x86_64.zip,windows,26429
2026-07-12T17:54:17.365837+00:00,v0.14.0b1,activitywatch-v0.14.0b1-linux-x86_64.zip,linux,741
2026-07-12T19:01:38.734569+00:00,v0.13.2,activitywatch-linux-x86_64.AppImage,linux,31654
2026-07-12T19:01:38.734569+00:00,v0.13.2,activitywatch-v0.13.2-linux-x86_64.deb,linux,2664
2026-07-12T19:01:38.734569+00:00,v0.13.2,activitywatch-v0.13.2-linux-x86_64.zip,linux,89676
2026-07-12T19:01:38.734569+00:00,v0.13.2,activitywatch-v0.13.2-macos-x86_64.dmg,macos,121990
2026-07-12T19:01:38.734569+00:00,v0.13.2,activitywatch-v0.13.2-macos-x86_64.zip,macos,10966
2026-07-12T19:01:38.734569+00:00,v0.13.2,activitywatch-v0.13.2-windows-x86_64-setup.exe,windows,271487
2026-07-12T19:01:38.734569+00:00,v0.13.2,activitywatch-v0.13.2-windows-x86_64.zip,windows,26432
2026-07-12T19:01:38.734569+00:00,v0.14.0b1,activitywatch-v0.14.0b1-linux-x86_64.zip,linux,743
2026-07-12T19:01:38.734569+00:00,v0.14.0b1,activitywatch-v0.14.0b1-macos-arm64.dmg,macos,983
2026-07-13T02:33:42.925055+00:00,v0.11.0,activitywatch-v0.11.0-windows-x86_64-setup.exe,windows,38270
2026-07-13T02:33:42.925055+00:00,v0.12.0,activitywatch-v0.12.0-windows-x86_64-setup.exe,windows,7967
2026-07-13T02:33:42.925055+00:00,v0.12.2,activitywatch-v0.12.2-linux-x86_64.zip,linux,31610
2026-07-13T02:33:42.925055+00:00,v0.12.2,activitywatch-v0.12.2-windows-x86_64-setup.exe,windows,57858
2026-07-13T02:33:42.925055+00:00,v0.12.3b18,activitywatch-v0.12.3b18-linux-x86_64.zip,linux,1696
2026-07-13T02:33:42.925055+00:00,v0.13.0,activitywatch-v0.13.0-linux-x86_64.zip,linux,1155
2026-07-13T02:33:42.925055+00:00,v0.13.0,activitywatch-v0.13.0-windows-x86_64-setup.exe,windows,2978
2026-07-13T02:33:42.925055+00:00,v0.13.1,activitywatch-v0.13.1-linux-x86_64.zip,linux,10895
2026-07-13T02:33:42.925055+00:00,v0.13.1,activitywatch-v0.13.1-windows-x86_64-setup.exe,windows,25681
2026-07-13T02:33:42.925055+00:00,v0.13.2,activitywatch-linux-x86_64.AppImage,linux,31680
2026-07-13T02:33:42.925055+00:00,v0.13.2,activitywatch-v0.13.2-linux-x86_64.deb,linux,2689
2026-07-13T02:33:42.925055+00:00,v0.13.2,activitywatch-v0.13.2-linux-x86_64.zip,linux,89714
2026-07-13T02:33:42.925055+00:00,v0.13.2,activitywatch-v0.13.2-macos-x86_64.dmg,macos,122070
2026-07-13T02:33:42.925055+00:00,v0.13.2,activitywatch-v0.13.2-macos-x86_64.zip,macos,10969
2026-07-13T02:33:42.925055+00:00,v0.13.2,activitywatch-v0.13.2-windows-x86_64-setup.exe,windows,271629
2026-07-13T02:33:42.925055+00:00,v0.13.2,activitywatch-v0.13.2-windows-x86_64.zip,windows,26445
2026-07-13T02:33:42.925055+00:00,v0.14.0b1,activitywatch-linux-x86_64.AppImage,linux,70
2026-07-13T02:33:42.925055+00:00,v0.14.0b1,activitywatch-v0.14.0b1-macos-arm64.dmg,macos,991
2026-07-13T02:33:42.925055+00:00,v0.14.0b1,activitywatch-v0.14.0b1-windows-x86_64-setup.exe,windows,2178
2026-07-13T02:33:42.925055+00:00,v0.8.0b7,activitywatch-v0.8.0b7-macos-x86_64.zip,macos,1148
2026-07-13T09:20:46.874905+00:00,v0.12.1,activitywatch-v0.12.1-windows-x86_64-setup.exe,windows,23111
2026-07-13T09:20:46.874905+00:00,v0.12.2,activitywatch-v0.12.2-linux-x86_64.zip,linux,31612
2026-07-13T09:20:46.874905+00:00,v0.13.2,activitywatch-linux-x86_64.AppImage,linux,31702
2026-07-13T09:20:46.874905+00:00,v0.13.2,activitywatch-v0.13.2-linux-x86_64.deb,linux,2714
2026-07-13T09:20:46.874905+00:00,v0.13.2,activitywatch-v0.13.2-linux-x86_64.zip,linux,89762
2026-07-13T09:20:46.874905+00:00,v0.13.2,activitywatch-v0.13.2-macos-x86_64.dmg,macos,122162
2026-07-13T09:20:46.874905+00:00,v0.13.2,activitywatch-v0.13.2-macos-x86_64.zip,macos,10973
2026-07-13T09:20:46.874905+00:00,v0.13.2,activitywatch-v0.13.2-windows-x86_64-setup.exe,windows,271797
2026-07-13T09:20:46.874905+00:00,v0.13.2,activitywatch-v0.13.2-windows-x86_64.zip,windows,26495
2026-07-13T09:20:46.874905+00:00,v0.14.0b1,activitywatch-linux-x86_64.AppImage,linux,71
2026-07-13T09:20:46.874905+00:00,v0.14.0b1,activitywatch-tauri-v0.14.0b1-windows-x86_64.zip,windows,44
2026-07-13T09:20:46.874905+00:00,v0.14.0b1,activitywatch-v0.14.0b1-linux-x86_64.deb,linux,63
2026-07-13T09:20:46.874905+00:00,v0.14.0b1,activitywatch-v0.14.0b1-linux-x86_64.zip,linux,746
2026-07-13T09:20:46.874905+00:00,v0.14.0b1,activitywatch-v0.14.0b1-macos-arm64.dmg,macos,995
2026-07-13T09:20:46.874905+00:00,v0.14.0b1,activitywatch-v0.14.0b1-macos-arm64.zip,macos,74
2026-07-13T09:20:46.874905+00:00,v0.14.0b1,activitywatch-v0.14.0b1-windows-x86_64-setup.exe,windows,2197
2026-07-13T09:20:46.874905+00:00,v0.14.0b1,activitywatch-v0.14.0b1-windows-x86_64.zip,windows,57
2026-07-13T14:27:50.252808+00:00,v0.12.2,activitywatch-v0.12.2-macos-x86_64.dmg,macos,22524
2026-07-13T14:27:50.252808+00:00,v0.13.2,activitywatch-linux-x86_64.AppImage,linux,31719
2026-07-13T14:27:50.252808+00:00,v0.13.2,activitywatch-v0.13.2-linux-x86_64.deb,linux,2732
2026-07-13T14:27:50.252808+00:00,v0.13.2,activitywatch-v0.13.2-linux-x86_64.zip,linux,89805
2026-07-13T14:27:50.252808+00:00,v0.13.2,activitywatch-v0.13.2-macos-x86_64.dmg,macos,122241
2026-07-13T14:27:50.252808+00:00,v0.13.2,activitywatch-v0.13.2-macos-x86_64.zip,macos,10975
2026-07-13T14:27:50.252808+00:00,v0.13.2,activitywatch-v0.13.2-windows-x86_64-setup.exe,windows,271982
2026-07-13T14:27:50.252808+00:00,v0.13.2,activitywatch-v0.13.2-windows-x86_64.zip,windows,26509
2026-07-13T14:27:50.252808+00:00,v0.14.0b1,activitywatch-linux-x86_64.AppImage,linux,72
2026-07-13T14:27:50.252808+00:00,v0.14.0b1,activitywatch-tauri-v0.14.0b1-macos-arm64.dmg,macos,223
2026-07-13T14:27:50.252808+00:00,v0.14.0b1,activitywatch-v0.14.0b1-linux-x86_64.deb,linux,66
2026-07-13T14:27:50.252808+00:00,v0.14.0b1,activitywatch-v0.14.0b1-linux-x86_64.zip,linux,752
2026-07-13T14:27:50.252808+00:00,v0.14.0b1,activitywatch-v0.14.0b1-macos-arm64.dmg,macos,997
2026-07-13T14:27:50.252808+00:00,v0.14.0b1,activitywatch-v0.14.0b1-windows-x86_64-setup.exe,windows,2208
2026-07-13T19:19:50.144013+00:00,v0.11.0,activitywatch-v0.11.0-linux-x86_64.zip,linux,19160
2026-07-13T19:19:50.144013+00:00,v0.13.2,activitywatch-linux-x86_64.AppImage,linux,31732
2026-07-13T19:19:50.144013+00:00,v0.13.2,activitywatch-v0.13.2-linux-x86_64.deb,linux,2743
2026-07-13T19:19:50.144013+00:00,v0.13.2,activitywatch-v0.13.2-linux-x86_64.zip,linux,89844
2026-07-13T19:19:50.144013+00:00,v0.13.2,activitywatch-v0.13.2-macos-x86_64.dmg,macos,122294
2026-07-13T19:19:50.144013+00:00,v0.13.2,activitywatch-v0.13.2-macos-x86_64.zip,macos,10979
2026-07-13T19:19:50.144013+00:00,v0.13.2,activitywatch-v0.13.2-windows-x86_64-setup.exe,windows,272144
2026-07-13T19:19:50.144013+00:00,v0.13.2,activitywatch-v0.13.2-windows-x86_64.zip,windows,26530
2026-07-13T19:19:50.144013+00:00,v0.14.0b1,activitywatch-v0.14.0b1-macos-arm64.dmg,macos,999
2026-07-13T19:19:50.144013+00:00,v0.14.0b1,activitywatch-v0.14.0b1-windows-x86_64-setup.exe,windows,2229
2026-07-13T19:19:50.144013+00:00,v0.8.0b7,activitywatch-v0.8.0b7-macos-x86_64.zip,macos,1149
2026-07-14T02:12:26.467714+00:00,v0.11.0,activitywatch-v0.11.0-windows-x86_64-setup.exe,windows,38271
2026-07-14T02:12:26.467714+00:00,v0.12.0,activitywatch-v0.12.0-windows-x86_64-setup.exe,windows,7968
2026-07-14T02:12:26.467714+00:00,v0.12.1,activitywatch-v0.12.1-windows-x86_64-setup.exe,windows,23112
2026-07-14T02:12:26.467714+00:00,v0.12.2,activitywatch-v0.12.2-windows-x86_64-setup.exe,windows,57859
2026-07-14T02:12:26.467714+00:00,v0.13.0,activitywatch-v0.13.0-windows-x86_64-setup.exe,windows,2979
2026-07-14T02:12:26.467714+00:00,v0.13.1,activitywatch-v0.13.1-windows-x86_64-setup.exe,windows,25682
2026-07-14T02:12:26.467714+00:00,v0.13.2,activitywatch-linux-x86_64.AppImage,linux,31757
2026-07-14T02:12:26.467714+00:00,v0.13.2,activitywatch-v0.13.2-linux-x86_64.deb,linux,2772
2026-07-14T02:12:26.467714+00:00,v0.13.2,activitywatch-v0.13.2-linux-x86_64.zip,linux,89880
2026-07-14T02:12:26.467714+00:00,v0.13.2,activitywatch-v0.13.2-macos-x86_64.dmg,macos,122369
2026-07-14T02:12:26.467714+00:00,v0.13.2,activitywatch-v0.13.2-macos-x86_64.zip,macos,10982
2026-07-14T02:12:26.467714+00:00,v0.13.2,activitywatch-v0.13.2-windows-x86_64-setup.exe,windows,272271
2026-07-14T02:12:26.467714+00:00,v0.13.2,activitywatch-v0.13.2-windows-x86_64.zip,windows,26544
2026-07-14T02:12:26.467714+00:00,v0.14.0b1,activitywatch-linux-x86_64.AppImage,linux,73
2026-07-14T02:12:26.467714+00:00,v0.14.0b1,activitywatch-v0.14.0b1-linux-x86_64.deb,linux,67
2026-07-14T02:12:26.467714+00:00,v0.14.0b1,activitywatch-v0.14.0b1-linux-x86_64.zip,linux,754
2026-07-14T02:12:26.467714+00:00,v0.14.0b1,activitywatch-v0.14.0b1-macos-arm64.dmg,macos,1005
2026-07-14T02:12:26.467714+00:00,v0.14.0b1,activitywatch-v0.14.0b1-windows-x86_64-setup.exe,windows,2236
2026-07-14T02:12:26.467714+00:00,v0.14.0b1,activitywatch-v0.14.0b1-windows-x86_64.zip,windows,59
2026-07-14T07:59:05.771739+00:00,v0.11.0,activitywatch-v0.11.0-windows-x86_64-setup.exe,windows,38272
2026-07-14T07:59:05.771739+00:00,v0.12.0b1,activitywatch-v0.12.0b1-linux-x86_64.zip,linux,322
2026-07-14T07:59:05.771739+00:00,v0.12.1,activitywatch-v0.12.1-windows-x86_64-setup.exe,windows,23113
2026-07-14T07:59:05.771739+00:00,v0.13.2,activitywatch-linux-x86_64.AppImage,linux,31778
2026-07-14T07:59:05.771739+00:00,v0.13.2,activitywatch-v0.13.2-linux-x86_64.deb,linux,2802
2026-07-14T07:59:05.771739+00:00,v0.13.2,activitywatch-v0.13.2-linux-x86_64.zip,linux,89911
2026-07-14T07:59:05.771739+00:00,v0.13.2,activitywatch-v0.13.2-macos-x86_64.dmg,macos,122450
2026-07-14T07:59:05.771739+00:00,v0.13.2,activitywatch-v0.13.2-macos-x86_64.zip,macos,10986
2026-07-14T07:59:05.771739+00:00,v0.13.2,activitywatch-v0.13.2-windows-x86_64-setup.exe,windows,272406
2026-07-14T07:59:05.771739+00:00,v0.13.2,activitywatch-v0.13.2-windows-x86_64.zip,windows,26552
2026-07-14T07:59:05.771739+00:00,v0.14.0b1,activitywatch-v0.14.0b1-linux-x86_64.deb,linux,69
2026-07-14T07:59:05.771739+00:00,v0.14.0b1,activitywatch-v0.14.0b1-linux-x86_64.zip,linux,755
2026-07-14T07:59:05.771739+00:00,v0.14.0b1,activitywatch-v0.14.0b1-macos-arm64.dmg,macos,1011
2026-07-14T07:59:05.771739+00:00,v0.14.0b1,activitywatch-v0.14.0b1-macos-arm64.zip,macos,76
2026-07-14T07:59:05.771739+00:00,v0.14.0b1,activitywatch-v0.14.0b1-windows-x86_64-setup.exe,windows,2247
2026-07-14T07:59:05.771739+00:00,v0.14.0b1,activitywatch-v0.14.0b1-windows-x86_64.zip,windows,62
2026-07-14T13:28:03.981720+00:00,v0.11.0,activitywatch-v0.11.0-windows-x86_64-setup.exe,windows,38274
2026-07-14T13:28:03.981720+00:00,v0.12.0,activitywatch-v0.12.0-windows-x86_64-setup.exe,windows,7969
2026-07-14T13:28:03.981720+00:00,v0.12.2,activitywatch-v0.12.2-linux-x86_64.zip,linux,31613
2026-07-14T13:28:03.981720+00:00,v0.12.2,activitywatch-v0.12.2-windows-x86_64-setup.exe,windows,57860
2026-07-14T13:28:03.981720+00:00,v0.12.3b10,activitywatch-linux-x86_64.AppImage,linux,102
2026-07-14T13:28:03.981720+00:00,v0.13.0,activitywatch-v0.13.0-windows-x86_64-setup.exe,windows,2981
2026-07-14T13:28:03.981720+00:00,v0.13.1,activitywatch-v0.13.1-windows-x86_64-setup.exe,windows,25685
2026-07-14T13:28:03.981720+00:00,v0.13.2,activitywatch-linux-x86_64.AppImage,linux,31795
2026-07-14T13:28:03.981720+00:00,v0.13.2,activitywatch-v0.13.2-linux-x86_64.deb,linux,2825
2026-07-14T13:28:03.981720+00:00,v0.13.2,activitywatch-v0.13.2-linux-x86_64.zip,linux,89964
2026-07-14T13:28:03.981720+00:00,v0.13.2,activitywatch-v0.13.2-macos-x86_64.dmg,macos,122527
2026-07-14T13:28:03.981720+00:00,v0.13.2,activitywatch-v0.13.2-macos-x86_64.zip,macos,11000
2026-07-14T13:28:03.981720+00:00,v0.13.2,activitywatch-v0.13.2-windows-x86_64-setup.exe,windows,272614
2026-07-14T13:28:03.981720+00:00,v0.13.2,activitywatch-v0.13.2-windows-x86_64.zip,windows,26573
2026-07-14T13:28:03.981720+00:00,v0.14.0b1,activitywatch-tauri-v0.14.0b1-macos-arm64.dmg,macos,224
2026-07-14T13:28:03.981720+00:00,v0.14.0b1,activitywatch-v0.14.0b1-linux-x86_64.zip,linux,756
2026-07-14T13:28:03.981720+00:00,v0.14.0b1,activitywatch-v0.14.0b1-macos-arm64.dmg,macos,1029
2026-07-14T13:28:03.981720+00:00,v0.14.0b1,activitywatch-v0.14.0b1-windows-x86_64-setup.exe,windows,2257
2026-07-14T13:28:03.981720+00:00,v0.9.2,activitywatch-v0.9.2-linux-x86_64.zip,linux,8059
2026-07-14T19:15:26.082643+00:00,v0.12.1,activitywatch-v0.12.1-windows-x86_64-setup.exe,windows,23114
2026-07-14T19:15:26.082643+00:00,v0.13.2,activitywatch-linux-x86_64.AppImage,linux,31820
2026-07-14T19:15:26.082643+00:00,v0.13.2,activitywatch-v0.13.2-linux-x86_64.deb,linux,2856
2026-07-14T19:15:26.082643+00:00,v0.13.2,activitywatch-v0.13.2-linux-x86_64.zip,linux,90028
2026-07-14T19:15:26.082643+00:00,v0.13.2,activitywatch-v0.13.2-macos-x86_64.dmg,macos,122606
2026-07-14T19:15:26.082643+00:00,v0.13.2,activitywatch-v0.13.2-macos-x86_64.zip,macos,11012
2026-07-14T19:15:26.082643+00:00,v0.13.2,activitywatch-v0.13.2-windows-x86_64-setup.exe,windows,272824
2026-07-14T19:15:26.082643+00:00,v0.13.2,activitywatch-v0.13.2-windows-x86_64.zip,windows,26588
2026-07-14T19:15:26.082643+00:00,v0.14.0b1,activitywatch-linux-x86_64.AppImage,linux,74
2026-07-14T19:15:26.082643+00:00,v0.14.0b1,activitywatch-tauri-v0.14.0b1-macos-arm64.dmg,macos,226
2026-07-14T19:15:26.082643+00:00,v0.14.0b1,activitywatch-tauri-v0.14.0b1-windows-x86_64-setup.exe,windows,66
2026-07-14T19:15:26.082643+00:00,v0.14.0b1,activitywatch-v0.14.0b1-linux-x86_64.zip,linux,763
2026-07-14T19:15:26.082643+00:00,v0.14.0b1,activitywatch-v0.14.0b1-macos-arm64.dmg,macos,1034
2026-07-14T19:15:26.082643+00:00,v0.14.0b1,activitywatch-v0.14.0b1-windows-x86_64-setup.exe,windows,2267
